{
  "doctors": [
    {
      "id": 1,
      "username": "one",
      "password": "oneone",
      "dtype": "Allergists",
      "area": "Sangavi",
      "name": "Dr.Nikhil",
      "prb": [],
      "apt": [],
      "available": false
    },
    {
      "id": 2,
      "username": "two",
      "password": "twotwo",
      "dtype": "Allergists",
      "area": "Sangavi",
      "name": "Dr.Prasad",
      "prb": [
        {
          "patient_id": 2,
          "patient_name": "Prajyot",
          "patient_problem": ""
        },
        {
          "patient_id": 5,
          "patient_name": "Prathamesh"
        }
      ],
      "apt": [],
      "available": true
    },
    {
      "id": 3,
      "username": "three",
      "password": "threethree",
      "dtype": "Allergists",
      "area": "Aundh",
      "name": "Dr.Phuktya",
      "prb": [
        {
          "patient_id": 2,
          "patient_name": "Prajyot",
          "patient_problem": ""
        }
      ],
      "apt": [],
      "available": true
    },
    {
      "id": 4,
      "username": "four",
      "password": "fourfour",
      "dtype": "Allergists",
      "area": "Aundh",
      "name": "Dr.Julab",
      "prb": [],
      "apt": "yes",
      "available": false
    },
    {
      "id": 5,
      "username": "five",
      "password": "fivefive",
      "dtype": "Allergists",
      "area": "Shivajinagar",
      "name": "Dr.Ujade",
      "prb": [
        {
          "patient_id": 1,
          "patient_name": "Pranav",
          "patient_problem": ""
        }
      ],
      "apt": [],
      "available": false
    },
    {
      "id": 6,
      "username": "six",
      "password": "sixsix",
      "dtype": "Allergists",
      "area": "Shivajinagar",
      "name": "Dr.Champak",
      "prb": [
        {
          "patient_id": 1,
          "patient_name": "Pranav",
          "patient_problem": ""
        }
      ],
      "apt": [
        {
          "pid": 4,
          "pname": "Prajakta",
          "contact": "9090909093"
        }
      ],
      "available": true
    },
    {
      "id": 7,
      "username": "seven",
      "password": "sevenseven",
      "dtype": "Cardiologists",
      "area": "Shivajinagar",
      "name": "Dr.Jetha",
      "prb": [
        {
          "patient_id": 1,
          "patient_name": "Pranav",
          "patient_problem": null
        }
      ],
      "apt": [],
      "available": false
    },
    {
      "id": 8,
      "username": "eight",
      "password": "eighteight",
      "dtype": "Cardiologists",
      "area": "Shivajinagar",
      "name": "Dr.Firehole",
      "prb": [
        {
          "patient_id": 1,
          "patient_name": "Pranav",
          "patient_problem": null
        }
      ],
      "apt": [
        {
          "id": 3,
          "name": "Prateek",
          "contact": "9090909092"
        }
      ],
      "available": false
    },
    {
      "id": 9,
      "username": "nine",
      "password": "ninenine",
      "dtype": "Cardiologists",
      "area": "Aundh",
      "name": "Dr.Santa",
      "prb": [
        {
          "patient_id": 1,
          "patient_name": "Pranav",
          "patient_problem": null
        }
      ],
      "apt": [],
      "available": false
    },
    {
      "id": 10,
      "username": "ten",
      "password": "tenten",
      "dtype": "Cardiologists",
      "area": "Aundh",
      "name": "Dr.Banta",
      "prb": [
        {
          "patient_id": 1,
          "patient_name": "Pranav",
          "patient_problem": ""
        }
      ],
      "apt": [],
      "available": false
    },
    {
      "id": 11,
      "username": "eleven",
      "password": "eleveneleven",
      "dtype": "Cardiologists",
      "area": "Sangavi",
      "name": "Dr.Emily",
      "prb": [
        {
          "patient_id": 4,
          "patient_name": "Prajakta",
          "patient_problem": ""
        }
      ],
      "apt": [],
      "available": false
    },
    {
      "id": 12,
      "username": "twelve",
      "password": "twelvetwelve",
      "dtype": "Cardiologists",
      "area": "Sangavi",
      "name": "Dr.Dickhead",
      "prb": [
        {
          "patient_id": 2,
          "patient_name": "Prajyot",
          "patient_problem": ""
        },
        {
          "patient_id": 4,
          "patient_name": "Prajakta",
          "patient_problem": ""
        }
      ],
      "apt": [
        {
          "id": 1,
          "name": "Pranav",
          "contact": "9090909090"
        },
        {
          "id": 2,
          "name": "Prajyot",
          "contact": "9090909091"
        }
      ],
      "available": false
    },
    {
      "id": 13,
      "username": "thirteen",
      "password": "thirteenthirteen",
      "dtype": "Cardiologists",
      "area": "Aundh",
      "name": "BabyDoll",
      "prb": [
        {
          "patient_id": 3,
          "patient_name": "Prateek",
          "patient_problem": ""
        }
      ],
      "apt": [],
      "available": false
    },
    {
      "id": 14,
      "username": "fourteen",
      "password": "fourteenfourteen",
      "dtype": "Cardiologists",
      "area": "Aundh",
      "name": "Bhailog",
      "prb": [],
      "apt": [
        {
          "pid": 5,
          "pname": "Prathamesh",
          "contact": "9890987890"
        }
      ],
      "available": false
    }
  ],
  "patients": [
    {
      "id": 1,
      "username": "one",
      "password": "oneone",
      "name": "Pranav",
      "contact": "9090909090",
      "prescription": [],
      "recentlyvisited": [
        {
          "dname": "Dr.Ujade",
          "dtype": "Allergists",
          "area": "Shivajinagar"
        },
        {
          "dname": "Dr.Champak",
          "dtype": "Allergists",
          "area": "Shivajinagar"
        },
        {
          "dname": "Dr.Dickhead",
          "dtype": "Cardiologists",
          "area": "Sangavi"
        },
        {
          "dname": "Dr.Prasad",
          "dtype": "Allergists",
          "area": "Sangavi"
        }
      ],
      "apt": []
    },
    {
      "id": 2,
      "username": "two",
      "password": "twotwo",
      "name": "Prajyot",
      "contact": "9090909091",
      "prescription": [
        {
          "id": 2,
          "aid": "hj,bhbj",
          "dtype": "Allergists",
          "area": "Sangavi",
          "dname": "Dr.Prasad",
          "prb": ""
        },
        {
          "id": 3,
          "aid": "aaaaaaa",
          "dtype": "Allergists",
          "area": "Aundh",
          "dname": "Dr.Phuktya",
          "prb": ""
        },
        {
          "id": 2,
          "aid": "klkkk",
          "dtype": "Allergists",
          "area": "Sangavi",
          "dname": "Dr.Prasad",
          "prb": ""
        }
      ],
      "recentlyvisited": [
        {
          "dname": "Dr.Dickhead",
          "dtype": "Cardiologists",
          "area": "Sangavi"
        }
      ],
      "apt": []
    },
    {
      "id": 3,
      "username": "three",
      "password": "threethree",
      "name": "Prateek",
      "contact": "9090909092",
      "prescription": [],
      "recentlyvisited": [
        {
          "dname": "Dr.Firehole",
          "dtype": "Cardiologists",
          "area": "Shivajinagar"
        }
      ],
      "apt": []
    },
    {
      "id": 4,
      "username": "four",
      "password": "fourfour",
      "name": "Prajakta",
      "contact": "9090909093",
      "prescription": [],
      "recentlyvisited": [
        {
          "dname": "Dr.Champak",
          "dtype": "Allergists",
          "area": "Shivajinagar"
        },
        {
          "dname": "Dr.Champak",
          "dtype": "Allergists",
          "area": "Shivajinagar"
        }
      ],
      "apt": []
    },
    {
      "id": 5,
      "username": "five",
      "password": "fivefive",
      "name": "Prathamesh",
      "contact": "9890987890",
      "prescription": [
        {
          "id": 2,
          "aid": "jkjk",
          "dtype": "Allergists",
          "area": "Sangavi",
          "dname": "Dr.Prasad"
        },
        {
          "id": 2,
          "aid": "Bhokat ja",
          "dtype": "Allergists",
          "area": "Sangavi",
          "dname": "Dr.Prasad"
        }
      ],
      "recentlyvisited": [
        {
          "dname": "Bhailog",
          "dtype": "Cardiologists",
          "area": "Aundh"
        }
      ],
      "apt": [
        {
          "did": 14,
          "dname": "Bhailog",
          "date": "02/09/2020",
          "dtype": "Cardiologists",
          "area": "Aundh"
        }
      ]
    }
  ]
}